dep_code,dep_name,region_code,region,Longitude en degre,Latitude en degre,Pop_2018
1,Ain,84,Auvergne-Rhône-Alpes,5.340247040572794,46.08076992840091,663720
2,Aisne,32,Hauts-de-France,3.5301700980392186,49.54738664215682,545353
3,Allier,84,Auvergne-Rhône-Alpes,3.1790836249999996,46.35200906250002,346156
4,Alpes-de-Haute-Provence,93,Provence-Alpes-Côte d'Azur,6.1495043,44.077202499999984,168613
5,Hautes-Alpes,93,Provence-Alpes-Côte d'Azur,6.115795367231638,44.57892429378533,145309
6,Alpes-Maritimes,93,Provence-Alpes-Côte d'Azur,7.105765950920241,43.8443736196319,1100444
7,Ardèche,84,Auvergne-Rhône-Alpes,4.458396401179938,44.78180000000001,335571
8,Ardennes,44,Grand Est,4.659389071274297,49.61237624190064,278300
9,Ariège,76,Occitanie,1.524493707831324,42.96939427710845,157120
10,Aube,44,Grand Est,4.181065935334878,48.30178637413396,317139
11,Aude,76,Occitanie,2.333421529680367,43.119592694063925,381578
12,Aveyron,76,Occitanie,2.6051217763157895,44.30263059210528,289583
13,Bouches-du-Rhône,93,Provence-Alpes-Côte d'Azur,5.233461512605041,43.55298907563027,2058818
14,Calvados,28,Normandie,-0.34396795737960334,49.12002124645888,708236
15,Cantal,84,Auvergne-Rhône-Alpes,2.6580518461538496,45.041874999999976,149758
16,Charente,75,Nouvelle-Aquitaine,0.14778807002970296,45.70003440594061,360970
17,Charente-Maritime,75,Nouvelle-Aquitaine,-0.6169889449152544,45.774633898305076,662799
18,Cher,24,Centre-Val de Loire,2.52712575862069,47.03358448275859,310656
19,Corrèze,75,Nouvelle-Aquitaine,1.8464434615384626,45.31343951048949,248339
21,Côte-d'Or,27,Bourgogne-Franche-Comté,4.791125977337112,47.37686756373937,160294
22,Côtes-d'Armor,53,Bretagne,-2.5185535211796264,48.4783970509383,183432
23,Creuse,75,Nouvelle-Aquitaine,2.0299357692307693,46.09562423076926,545283
24,Dordogne,75,Nouvelle-Aquitaine,0.7385552912028722,45.06958671454217,617921
25,Doubs,27,Bourgogne-Franche-Comté,6.3596095791245775,47.22310976430973,121009
26,Drôme,84,Auvergne-Rhône-Alpes,5.132194742547425,44.69770027100272,423868
27,Eure,28,Normandie,1.0077366459259256,49.134233185185195,555190
28,Eure-et-Loir,24,Centre-Val de Loire,1.3951021464019848,48.415085607940476,528015
29,Finistère,53,Bretagne,-3.704631872791522,48.298786219081215,613320
2A,Corse-du-Sud,94,Corse,8.95357241935484,41.90461612903226,442378
2B,Haute-Corse,94,Corse,9.279891398305088,42.4395190677966,936959
30,Gard,76,Occitanie,4.194005127478754,44.02365297450423,759050
31,Haute-Garonne,76,Occitanie,1.1367574108658747,43.33438047538197,1403685
32,Gers,76,Occitanie,0.46179564863930905,43.6603084233261,198043
33,Gironde,75,Nouvelle-Aquitaine,-0.34044871697416973,44.81735701107003,1626287
34,Hérault,76,Occitanie,3.4252692419825093,43.5857580174927,1177177
35,Ille-et-Vilaine,53,Bretagne,-1.5211058594900853,48.1936014164306,1094018
36,Indre,24,Centre-Val de Loire,1.6101384655870432,46.77468097165993,226338
37,Indre-et-Loire,24,Centre-Val de Loire,0.6601134187725629,47.260188086642586,620014
38,Isère,84,Auvergne-Rhône-Alpes,5.4897460975609755,45.31852626641653,1288406
39,Jura,27,Bourgogne-Franche-Comté,5.6698106066176495,46.74386158088236,268874
40,Landes,75,Nouvelle-Aquitaine,-0.71091572326284,43.810910271903346,422602
41,Loir-et-Cher,24,Centre-Val de Loire,1.3009708178694148,47.654337113402065,338835
42,Loire,84,Auvergne-Rhône-Alpes,4.193776880733947,45.72253241590213,777897
43,Haute-Loire,84,Auvergne-Rhône-Alpes,3.7612723076923094,45.13718961538464,234434
44,Loire-Atlantique,52,Pays de la Loire,-1.5138797013574663,47.33757285067872,1441302
45,Loiret,24,Centre-Val de Loire,2.344308982035928,47.96718712574851,693476
46,Lot,76,Occitanie,1.622113705882352,44.63517529411765,179604
47,Lot-et-Garonne,75,Nouvelle-Aquitaine,0.4808864778996862,44.38953416927892,340356
48,Lozère,76,Occitanie,3.487638540540538,44.541824864864864,80227
49,Maine-et-Loire,52,Pays de la Loire,-0.5367443870523417,47.3970707988981,835856
50,Manche,28,Normandie,-1.2500539251247924,49.11245474209648,511983
51,Marne,44,Grand Est,4.1908044677419385,48.96268322580649,579127
52,Haute-Marne,44,Grand Est,5.251950046189376,48.11275588914551,179062
53,Mayenne,52,Pays de la Loire,-0.6507492605363989,48.13576360153254,316608
54,Meurthe-et-Moselle,44,Grand Est,6.166797558922563,48.78388653198658,745199
55,Meuse,44,Grand Est,5.383398340000005,49.01633439999996,190802
56,Morbihan,53,Bretagne,-2.4109965517241374,47.81318084291189,776176
57,Moselle,44,Grand Est,6.617811876712324,49.047133013698584,1062362
58,Nièvre,27,Bourgogne-Franche-Comté,3.4887280448717943,47.14387916666667,211256
59,Nord,32,Hauts-de-France,3.2568493230769238,50.41863369230763,2636884
60,Oise,32,Hauts-de-France,2.4150842857142876,49.42826262626264,844905
61,Orne,28,Normandie,0.10839551199999999,48.63797247524749,289734
62,Pas-de-Calais,32,Hauts-de-France,2.3363746592178787,50.458678770949696,1488821
63,Puy-de-Dôme,84,Auvergne-Rhône-Alpes,3.175427361702128,45.72963276595746,673671
64,Pyrénées-Atlantiques,75,Nouvelle-Aquitaine,-0.6464160003839121,43.326651736745866,698710
65,Hautes-Pyrénées,76,Occitanie,0.21062788104008442,43.1359206751054,235322
66,Pyrénées-Orientales,76,Occitanie,2.5592343362831835,42.60856238938053,484215
67,Bas-Rhin,44,Grand Est,7.547664174573055,48.676828083491465,1149676
68,Haut-Rhin,44,Grand Est,7.275183740053051,47.80053633952255,779291
69,Rhône,84,Auvergne-Rhône-Alpes,4.65349266211604,45.86247269624575,1885941
70,Haute-Saône,27,Bourgogne-Franche-Comté,6.10393352293578,47.625312110091734,242280
71,Saône-et-Loire,27,Bourgogne-Franche-Comté,4.622924886561957,46.61551099476436,568023
72,Sarthe,52,Pays de la Loire,0.23166191468533323,48.04307706666664,579120
73,Savoie,84,Auvergne-Rhône-Alpes,6.198381377049184,45.54036229508201,446332
74,Haute-Savoie,84,Auvergne-Rhône-Alpes,6.290051156462582,46.063741156462555,838044
75,Paris,11,Île-de-France,2.34445,48.86,2192485
76,Seine-Maritime,28,Normandie,0.9862406510067111,49.67155060402681,1276877
77,Seine-et-Marne,11,Île-de-France,2.9156531906614807,48.657440466926026,1428970
78,Yvelines,11,Île-de-France,1.8425571374045804,48.85273778625956,1466448
79,Deux-Sèvres,75,Nouvelle-Aquitaine,-0.295427140295082,46.501131803278724,385029
80,Somme,32,Hauts-de-France,2.314458120204602,49.93661176470591,580719
81,Tarn,76,Occitanie,2.1226857275541806,43.80283591331267,399108
82,Tarn-et-Garonne,76,Occitanie,1.2172522256410252,44.061355384615375,264910
83,Var,93,Provence-Alpes-Côte d'Azur,6.217952549019609,43.42979803921569,1084710
84,Vaucluse,93,Provence-Alpes-Côte d'Azur,5.161703774834438,44.00987947019869,570962
85,Vendée,52,Pays de la Loire,-1.1288545283687952,46.6551485815603,698731
86,Vienne,75,Nouvelle-Aquitaine,0.40494878340925256,46.605123131672585,447895
87,Haute-Vienne,75,Nouvelle-Aquitaine,1.2311482835820895,45.894560199005,380092
88,Vosges,44,Grand Est,6.319941145631069,48.23343320388347,377569
89,Yonne,27,Bourgogne-Franche-Comté,3.5930310329670316,47.84791516483512,345991
90,Territoire de Belfort,27,Bourgogne-Franche-Comté,6.9340367647058825,47.62315882352939,144992
91,Essonne,11,Île-de-France,2.261580561224489,48.54910408163266,1311028
92,Hauts-de-Seine,11,Île-de-France,2.2566052777777776,48.843522222222234,1635499
93,Seine-Saint-Denis,11,Île-de-France,2.463368000000001,48.90994500000001,1639416
94,Val-de-Marne,11,Île-de-France,2.455496595744681,48.78227021276596,1405700
95,Val-d'Oise,11,Île-de-France,2.147927945945946,49.07558432432433,1248901
971,Guadeloupe,1,Guadeloupe,13.88730588235294,-59.25587647058824,393401
972,Martinique,2,Martinique,13.469529411764704,-51.57953355882352,373762
973,Guyane,3,Guyane,4.67378,-52.99653181818183,278472
974,La Réunion,4,La Réunion,-10.299766666666667,37.3451275,865507
975,Saint-Pierre-et-Miquelon,COM,Collectivités d'Outre-Mer,46.7107,1.71819,6224
976,Mayotte,6,Mayotte,45.1469588235294,-12.816064705882354,262895
